wkt_geom,freewayNO,dir,Old_id,ID,catch,s_catch,start,end,lat,lon,cwb_gauge
"LineString (121.73176390000000424 25.11878610000000123, 121.74043595562432074 25.13331355324572769)",國1,S,01F-000.5S,01F0005S,1.1,1.3,基隆端(基隆港),基隆(長庚醫院),25.1187861,121.7317639,466940
"LineString (121.72590560000000437 25.10956669999999846, 121.74043595562432074 25.13331355324572769)",國1,S,01F-001.7S,01F0017S,1.2,1.4,基隆(長庚醫院),八堵,25.1095667,121.7259056,466940
"LineString (121.71736939999999549 25.10311109999999957, 121.69493127899239937 25.07901530688962666)",國1,S,01F-002.9S,01F0029S,2.8,3.3,八堵,大華系統(連接台62),25.1031111,121.7173694,01B030
"LineString (121.69348329999999692 25.08839439999999854, 121.69493127899239937 25.07901530688962666)",國1,S,01F-006.1S,01F0061S,1.8,2.1,大華系統(連接台62),五堵,25.0883944,121.6934833,01B030
"LineString (121.65947780000000478 25.07626390000000072, 121.65882964144718414 25.06691713572348945)",國1,S,01F-009.9S,01F0099S,3.7,4.4,五堵,汐止&汐止系統(連接國3),25.0762639,121.6594778,C0AH00
"LineString (121.61351940000000127 25.06564440000000005, 121.61502878527088001 25.06921959646921749)",國1,S,01F-014.7S,01F0147S,3.7,4.4,汐止&汐止系統(連接國3),東湖,25.0656444,121.6135194,A1AA50
"LineString (121.60590279999999552 25.06475280000000083, 121.61502878527088001 25.06921959646921749)",國1,S,01F-015.5S,01F0155S,2.1,2.5,東湖,內湖(南京東、成功路),25.0647528,121.6059028,A1AA50
"LineString (121.58023059999999305 25.06898610000000005, 121.57542854975623925 25.07942193898094629)",國1,S,01F-018.2S,01F0182S,5.9,7,內湖(南京東、成功路),圓山(建國北路),25.0689861,121.5802306,C0A9F0
"LineString (121.51660280000000114 25.07763059999999911, 121.52842770333064948 25.0831245985437441)",國1,S,01F-024.8S,01F0248S,2.1,2.5,圓山(建國北路),台北(重慶北、士林),25.0776306,121.5166028,A1AG50
"LineString (121.50138610000000483 25.07746390000000147, 121.50302758461972985 25.09022611070766828)",國1,S,01F-026.4S,01F0264S,2,2.4,台北(重慶北、士林),三重,25.0774639,121.5013861,C0A9E0
"LineString (121.47296110000000624 25.07479719999999901, 121.47232663117252116 25.0867277615379578)",國1,S,01F-029.3S,01F0293S,5.9,7,三重,五股,25.0747972,121.4729611,C0AD30
"LineString (121.42876400000000103 25.06823899999999838, 121.44672367859739381 25.05152866182259075)",國1,S,01F-033.9S,01F0339S,1.4,1.6,五股,高公局,25.068239,121.428764,C0ACA0
"LineString (121.39730600000000038 25.0586669999999998, 121.38082350422344291 25.07223261778139189)",國1,S,01F-037.6S,01F0376S,6.5,7.8,高公局,林口(文化一路),25.058667,121.397306,C0AH50
"LineString (121.36344400000000121 25.06508099999999928, 121.37682374337161662 25.07723291382906083)",國1,S,01F-041.3S,01F0413S,1.4,1.6,林口(文化一路),林口(文化北路),25.065081,121.363444,01A160
"LineString (121.3177610000000044 25.04707499999999953, 121.32321682456255019 24.99253461633410467)",國1,S,01F-046.7S,01F0467S,6.8,8.1,林口(文化北路),桃園,25.047075,121.317761,C0C480
"LineString (121.28307200000000421 25.02720599999999962, 121.32321682456255019 24.99253461633410467)",國1,S,01F-050.9S,01F0509S,3.2,3.8,桃園,機場系統(連接國2),25.027206,121.283072,C0C480
"LineString (121.26619399999999871 25.01294400000000095, 121.22601816457680002 25.04764081759137895)",國1,S,01F-053.2S,01F0532S,2.9,3.4,機場系統(連接國2),中壢服務區,25.012944,121.266194,C0C540
"LineString (121.24772219999999834 24.99858329999999995, 121.22601816457680002 25.04764081759137895)",國1,S,01F-055.7S,01F0557S,2.2,2.6,中壢服務區,內壢,24.9985833,121.2477222,C0C540
"LineString (121.2331970000000041 24.98441400000000101, 121.18531186779590314 24.96774185351622677)",國1,S,01F-057.8S,01F0578S,5.1,6.1,內壢,中壢,24.984414,121.233197,C0C520
"LineString (121.19559399999999982 24.94928099999999915, 121.18531186779590314 24.96774185351622677)",國1,S,01F-063.3S,01F0633S,2.6,3.1,中壢,平鎮系統(連接台66),24.949281,121.195594,C0C520
"LineString (121.17691899999999805 24.92954399999999993, 121.14300717213949099 24.91234334274297524)",國1,S,01F-066.4S,01F0664S,2.3,2.7,平鎮系統(連接台66),幼獅,24.929544,121.176919,C0C660
"LineString (121.16758600000000001 24.91796700000000087, 121.14300717213949099 24.91234334274297524)",國1,S,01F-068.1S,01F0681S,1.9,2.2,幼獅,楊梅,24.917967,121.167586,C0C660
"LineString (121.11173100000000602 24.89343600000000123, 121.14300717213949099 24.91234334274297524)",國1,S,01F-075.0S,01F0750S,14.6,17.5,楊梅,湖口,24.893436,121.111731,C0C660
"LineString (121.01903099999999824 24.84871899999999911, 121.03830033271222533 24.84744810556728822)",國1,S,01F-088.0S,01F0880S,7.3,8.7,湖口,竹北,24.848719,121.019031,C1D380
"LineString (121.01030599999999993 24.80845300000000009, 121.01419845008412324 24.82784912668455846)",國1,S,01F-092.8S,01F0928S,3,3.6,竹北,新竹(光復路),24.808453,121.010306,467571
"LineString (121.00524699999999712 24.78962200000000138, 120.98689585755221287 24.79865017371119151)",國1,S,01F-095.0S,01F0950S,2.5,3,新竹(光復路),新竹(科學園區),24.789622,121.005247,C0D660
"LineString (120.99886100000000511 24.7635860000000001, 120.98689585755221287 24.79865017371119151)",國1,S,01F-098.0S,01F0980S,2.8,3.3,新竹(科學園區),新竹系統(連接國3),24.763586,120.998861,C0D660
"LineString (120.95189700000000244 24.72713099999999997, 120.96739109882717855 24.73345023795540953)",國1,S,01F-104.5S,01F1045S,11,13.2,新竹系統(連接國3),頭份,24.727131,120.951897,O1D570
"LineString (120.90426669999999376 24.67931670000000111, 120.91238678202415713 24.68825254420855586)",國1,S,01F-112.3S,01F1123S,15.1,18.1,頭份,頭屋,24.6793167,120.9042667,C0E730
"LineString (120.83892500000000325 24.55044200000000032, 120.82457656959773828 24.56495541567024077)",國1,S,01F-129.2S,01F1292S,7.4,8.8,頭屋,苗栗,24.550442,120.838925,C0E750
"LineString (120.78190299999999979 24.4859189999999991, 120.79077085537805658 24.48975608423497974)",國1,S,01F-138.9S,01F1389S,7.3,8.7,苗栗,銅鑼,24.485919,120.781903,C0E780
"LineString (120.77573099999999329 24.42051400000000072, 120.77006546880085125 24.41425603708551151)",國1,S,01F-146.5S,01F1465S,10,12,銅鑼,三義,24.420514,1.21E+02,01E290
"LineString (120.72084999999999866 24.33914700000000053, 120.70565958416963781 24.34785848045181922)",國1,S,01F-157.2S,01F1572S,10.5,12.6,三義,后里,24.339147,120.72085,C0F9Q0
"LineString (120.69732500000000641 24.30118600000000129, 120.72965778810657866 24.31035661170697537)",國1,S,01F-162.1S,01F1621S,4.7,5.6,后里,台中系統(連接國4),24.301186,120.697325,C0F9L0
"LineString (120.69195600000000468 24.26264700000000119, 120.72045399264135312 24.25455624806673072)",國1,S,01F-166.4S,01F1664S,2.5,3,台中系統(連接國4),豐原,24.262647,120.691956,C0F9M0
"LineString (120.67137499999999761 24.21295599999999837, 120.70395093341556958 24.21305649525024961)",國1,S,01F-172.5S,01F1725S,6.2,7.4,豐原,大雅,24.212956,120.671375,C0F9O0
"LineString (120.63561099999999726 24.18459199999999854, 120.64104725766308945 24.18025935427933248)",國1,S,01F-177.4S,01F1774S,4.4,5.2,大雅,台中(台灣大道),24.184592,120.635611,C0F9T0
"LineString (120.62193299999999851 24.16370600000000124, 120.64104725766308945 24.18025935427933248)",國1,S,01F-180.2S,01F1802S,2.8,3.3,台中(台灣大道),南屯,24.163706,120.621933,C0F9T0
"LineString (120.6172470000000061 24.13076699999999875, 120.63824445318670087 24.13715883978751719)",國1,S,01F-183.9S,01F1839S,8.2,9.8,南屯,王田,24.130767,120.617247,C0F9U0
"LineString (120.56813099999999395 24.11357200000000134, 120.55663884649709416 24.08136232590750581)",國1,S,01F-190.6S,01F1906S,3.1,3.7,王田,彰化系統(連接國3),24.113572,120.568131,A0G720
"LineString (120.52785000000000082 24.08562200000000075, 120.55663884649709416 24.08136232590750581)",國1,S,01F-196.0S,01F1960S,5.6,6.7,彰化系統(連接國3),彰化,24.085622,120.52785,A0G720
"LineString (120.52278599999999642 24.04063899999999876, 120.50383451779346444 24.03416440019957179)",國1,S,01F-201.1S,01F2011S,9.1,10.9,彰化,埔鹽系統(連接台76),24.040639,120.522786,C0G780
"LineString (120.50611700000000326 23.97179399999999916, 120.52572960187876561 23.9469618890930569)",國1,S,01F-208.9S,01F2089S,3.4,4,埔鹽系統(連接台76),員林,23.971794,120.506117,C0G810
"LineString (120.49764999999999304 23.91276900000000083, 120.50952635149896253 23.90166204802253702)",國1,S,01F-215.6S,01F2156S,9.1,10.9,員林,北斗,23.912769,120.49765,C0G820
"LineString (120.48488100000000145 23.83056900000000056, 120.49902295483781245 23.85156183172435718)",國1,S,01F-224.9S,01F2249S,10.4,12.4,北斗,西螺,23.830569,120.484881,C0G720
"LineString (120.46934199999999748 23.76632800000000145, 120.50231741829790622 23.76116027393461394)",國1,S,01F-232.2S,01F2322S,5.2,6.2,西螺,虎尾(斗六聯絡道),23.766328,120.469342,C0K480
"LineString (120.47491700000000492 23.70260299999999987, 120.47831170341355289 23.67876027717437992)",國1,S,01F-239.4S,01F2394S,4.9,5.8,虎尾(斗六聯絡道),斗南(158縣道),23.702603,120.474917,C0K460
"LineString (120.46228100000000438 23.67737500000000139, 120.47831170341355289 23.67876027717437992)",國1,S,01F-242.5S,01F2425S,3.2,3.8,斗南(158縣道),雲林系統(連接台78),23.677375,120.462281,C0K460
"LineString (120.4402639999999991 23.62915800000000033, 120.43150848236322759 23.6460622275019503)",國1,S,01F-248.3S,01F2483S,6.5,7.8,雲林系統(連接台78),大林,23.629158,120.440264,C0K450
"LineString (120.43541700000000105 23.60198899999999966, 120.45840638071233286 23.60066013070358082)",國1,S,01F-251.4S,01F2514S,6.9,8.2,大林,民雄,23.601989,120.435417,C0M670
"LineString (120.40558299999999292 23.52673899999999918, 120.42840260675015429 23.55176095280504711)",國1,S,01F-260.3S,01F2603S,7.1,8.5,民雄,嘉義,23.526739,120.405583,C0M760
"LineString (120.37770000000000437 23.46940299999999979, 120.33139418519775177 23.45506452230338468)",國1,S,01F-267.4S,01F2674S,6.2,7.4,嘉義,水上,23.469403,120.3777,C0M680
"LineString (120.36156099999999469 23.43636700000000062, 120.38889352573163194 23.41976100447090303)",國1,S,01F-271.4S,01F2714S,2.5,3,水上,嘉義系統(連接台82),23.436367,120.361561,C0M690
"LineString (120.32219200000000114 23.34746900000000025, 120.31668503667845016 23.31066308479922)",國1,S,01F-282.7S,01F2827S,11.3,13.5,嘉義系統(連接台82),新營服務區,23.347469,120.322192,C0X250
"LineString (120.29870300000000327 23.32099399999999889, 120.31668503667845016 23.31066308479922)",國1,S,01F-286.6S,01F2866S,4.2,5,新營服務區,新營,23.320994,120.298703,C0X250
"LineString (120.26576900000000592 23.27258899999999997, 120.24758093341039 23.2725660659626179)",國1,S,01F-293.0S,01F2930S,11.2,13.4,新營,下營系統(連接台84),23.272589,120.265769,C0X230
"LineString (120.2366750000000053 23.20508900000000096, 120.24857559207991642 23.18336465760650711)",國1,S,01F-301.9S,01F3019S,4.1,4.9,下營系統(連接台84),麻豆,23.205089,120.236675,C0X120
"LineString (120.23130299999999693 23.14813099999999935, 120.20317094530031454 23.12566610773907527)",國1,S,01F-308.3S,01F3083S,7.5,9,麻豆,安定,23.148131,120.231303,C0X140
"LineString (120.24768100000000004 23.1048170000000006, 120.2280702228652558 23.10266448550353502)",國1,S,01F-312.6S,01F3126S,4.3,5.1,安定,台南系統(連接國8),23.104817,120.247681,C0X150
"LineString (120.25302499999999384 23.05131099999999833, 120.23666661272532963 23.03836307695248564)",國1,S,01F-318.5S,01F3185S,4.2,5,台南系統(連接國8),永康,23.051311,120.253025,467420
"LineString (120.24999699999999336 23.01417199999999852, 120.23666661272532963 23.03836307695248564)",國1,S,01F-322.7S,01F3227S,4.9,5.8,永康,大灣,23.014172,120.249997,467420
"LineString (120.24817500000000337 22.99181400000000153, 120.25786300664705664 22.96836094922830895)",國1,S,01F-325.2S,01F3252S,2.9,3.4,大灣,台南(仁德),22.991814,120.248175,C0X160
"LineString (120.24982199999999466 22.96090299999999829, 120.25786300664705664 22.96836094922830895)",國1,S,01F-328.6S,01F3286S,3.3,3.9,台南(仁德),仁德系統(連接台86),22.960903,120.249822,C0X160
"LineString (120.27214999999999634 22.89261899999999983, 120.2444578522030838 22.8871604208263868)",國1,S,01F-336.6S,01F3366S,7.6,9.1,仁德系統(連接台86),路竹,22.892619,120.27215,C0V640
"LineString (120.28498899999999594 22.86741900000000172, 120.25945633810562185 22.8548591823526408)",國1,S,01F-339.8S,01F3398S,4.1,4.9,路竹,高科,22.867419,120.284989,C0V750
"LineString (120.31273099999999943 22.81803899999999885, 120.29495386025774906 22.7970565366665312)",國1,S,01F-346.0S,01F3460S,7,8.4,高科,岡山,22.818039,120.312731,C0V660
"LineString (120.33080599999999549 22.76167200000000079, 120.305751839937912 22.75785541853884908)",國1,S,01F-352.5S,01F3525S,5.9,7,岡山,楠梓(旗楠路),22.761672,120.330806,C0V760
"LineString (120.33376400000000217 22.72895600000000016, 120.34665127531904716 22.7301529549158019)",國1,S,01F-356.1S,01F3561S,1.8,2.1,楠梓(旗楠路),楠梓(鳳楠路),22.728956,120.333764,C0V770
"LineString (120.32821900000000426 22.70352499999999907, 120.34774960750047512 22.70115248027079247)",國1,S,01F-359.0S,01F3590S,5.2,6.2,楠梓(鳳楠路),鼎金系統(連接國10、大中路),22.703525,120.328219,C0V680
"LineString (120.33208100000000229 22.65889200000000159, 120.31134539923652937 22.64515350005096295)",國1,S,01F-364.0S,01F3640S,4.3,5.1,鼎金系統(連接國10、大中路),高雄(九如、建國路),22.658892,120.332081,C0V700
"LineString (120.33622200000000646 22.62781899999999879, 120.33064459430833892 22.62275220878950677)",國1,S,01F-367.6S,01F3676S,1.2,1.4,高雄(九如、建國路),高雄(中正、三多路),22.627819,120.336222,C0V710
"LineString (120.33685300000000495 22.6182060000000007, 120.33064459430833892 22.62275220878950677)",國1,S,01F-368.6S,01F3686S,2,2.4,高雄(中正、三多路),瑞隆路南下出口匝道,22.618206,120.336853,C0V710
"LineString (120.32314999999999827 22.58193299999999937, 120.31574090984943837 22.56595213826852842)",國1,S,01F-373.6S,01F3736S,1.2,1.4,高雄端(中山四路),高雄端(新生路),22.581933,120.32315,467440
"LineString (121.7316361000000029 25.11831109999999967, 121.74043595562432074 25.13331355324572769)",國1,N,01F-000.5N,01F0005N,1.1,1.3,基隆(長庚醫院),基隆端(基隆港),25.1183111,121.7316361,466940
"LineString (121.72590560000000437 25.10956669999999846, 121.74043595562432074 25.13331355324572769)",國1,N,01F-001.7N,01F0017N,1.2,1.4,八堵,基隆(長庚醫院),25.1095667,121.7259056,466940
"LineString (121.71736939999999549 25.10311109999999957, 121.69493127899239937 25.07901530688962666)",國1,N,01F-002.9N,01F0029N,2.8,3.3,大華系統(連接台62),八堵,25.1031111,121.7173694,01B030
"LineString (121.69348329999999692 25.08839439999999854, 121.69493127899239937 25.07901530688962666)",國1,N,01F-006.1N,01F0061N,1.8,2.1,五堵,大華系統(連接台62),25.0883944,121.6934833,01B030
"LineString (121.65942219999999452 25.07604440000000068, 121.65882964144718414 25.06691713572348945)",國1,N,01F-009.9N,01F0099N,3.7,4.4,汐止&汐止系統(連接國3),五堵,25.0760444,121.6594222,C0AH00
"LineString (121.61351940000000127 25.06564440000000005, 121.61502878527088001 25.06921959646921749)",國1,N,01F-014.7N,01F0147N,3.7,4.4,東湖,汐止&汐止系統(連接國3),25.0656444,121.6135194,A1AA50
"LineString (121.60590279999999552 25.06475280000000083, 121.61502878527088001 25.06921959646921749)",國1,N,01F-015.5N,01F0155N,2.1,2.5,內湖(南京東、成功路),東湖,25.0647528,121.6059028,A1AA50
"LineString (121.55035800000000279 25.07305300000000159, 121.54292769377110517 25.07792371892113081)",國1,N,01F-021.3N,01F0213N,5.9,7,圓山(建國北路),內湖(南京東、成功路),25.073053,121.550358,C0A9A0
"LineString (121.53070280000000025 25.07301939999999973, 121.52892698652455294 25.07222441186934603)",國1,N,01F-023.3N,01F0233N,2.1,2.5,台北(重慶北、士林),圓山(建國北路),25.0730194,121.5307028,A1AB50
"LineString (121.50910559999999805 25.07806670000000082, 121.50302758461972985 25.09022611070766828)",國1,N,01F-025.6N,01F0256N,2,2.4,三重,台北(重慶北、士林),25.0780667,121.5091056,C0A9E0
"LineString (121.47296110000000624 25.07479719999999901, 121.47232663117252116 25.0867277615379578)",國1,N,01F-029.3N,01F0293N,5.9,7,五股,三重,25.0747972,121.4729611,C0AD30
"LineString (121.42876400000000103 25.06823899999999838, 121.44672367859739381 25.05152866182259075)",國1,N,01F-033.9N,01F0339N,1.4,1.6,高公局,五股,25.068239,121.428764,C0ACA0
"LineString (121.39730600000000038 25.0586669999999998, 121.38082350422344291 25.07223261778139189)",國1,N,01F-037.6N,01F0376N,6.5,7.8,林口(文化一路),高公局,25.058667,121.397306,C0AH50
"LineString (121.36344400000000121 25.06508099999999928, 121.37682374337161662 25.07723291382906083)",國1,N,01F-041.3N,01F0413N,1.4,1.6,林口(文化北路),林口(文化一路),25.065081,121.363444,01A160
"LineString (121.3177610000000044 25.04707499999999953, 121.32321682456255019 24.99253461633410467)",國1,N,01F-046.7N,01F0467N,6.8,8.1,桃園,林口(文化北路),25.047075,121.317761,C0C480
"LineString (121.28307200000000421 25.02720599999999962, 121.32321682456255019 24.99253461633410467)",國1,N,01F-050.9N,01F0509N,3.2,3.8,機場系統(連接國2),桃園,25.027206,121.283072,C0C480
"LineString (121.26619399999999871 25.01294400000000095, 121.22601816457680002 25.04764081759137895)",國1,N,01F-053.2N,01F0532N,2.9,3.4,中壢服務區,機場系統(連接國2),25.012944,121.266194,C0C540
"LineString (121.247721999999996 24.998583, 121.22601816457680002 25.04764081759137895)",國1,N,01F-055.7N,01F0557N,2.2,2.6,內壢,中壢服務區,24.998583,121.247722,C0C540
"LineString (121.22894399999999848 24.98055799999999849, 121.18531186779590314 24.96774185351622677)",國1,N,01F-058.4N,01F0584N,5.1,6.1,中壢,內壢,24.980558,121.228944,C0C520
"LineString (121.19559399999999982 24.94928099999999915, 121.18531186779590314 24.96774185351622677)",國1,N,01F-063.3N,01F0633N,2.6,3.1,平鎮系統(連接台66),中壢,24.949281,121.195594,C0C520
"LineString (121.17691899999999805 24.92954399999999993, 121.14300717213949099 24.91234334274297524)",國1,N,01F-066.4N,01F0664N,2.3,2.7,幼獅,平鎮系統(連接台66),24.929544,121.176919,C0C660
"LineString (121.16758600000000001 24.91796700000000087, 121.14300717213949099 24.91234334274297524)",國1,N,01F-068.1N,01F0681N,1.9,2.2,楊梅,幼獅,24.917967,121.167586,C0C660
"LineString (121.11173100000000602 24.89343600000000123, 121.14300717213949099 24.91234334274297524)",國1,N,01F-075.0N,01F0750N,14.6,17.5,湖口,楊梅,24.893436,121.111731,C0C660
"LineString (121.01903099999999824 24.84871899999999911, 121.03830033271222533 24.84744810556728822)",國1,N,01F-088.0N,01F0880N,7.3,8.7,竹北,湖口,24.848719,121.019031,C1D380
"LineString (121.01030599999999993 24.80845300000000009, 121.01419845008412324 24.82784912668455846)",國1,N,01F-092.8N,01F0928N,3,3.6,新竹(光復路),竹北,24.808453,121.010306,467571
"LineString (121.00372500000000286 24.78394400000000175, 120.98689585755221287 24.79865017371119151)",國1,N,01F-095.6N,01F0956N,2.5,3,新竹(科學園區),新竹(光復路),24.783944,121.003725,C0D660
"LineString (120.99989700000000425 24.76441399999999859, 120.98689585755221287 24.79865017371119151)",國1,N,01F-097.9N,01F0979N,2.8,3.3,新竹系統(連接國3),新竹(科學園區),24.764414,120.999897,C0D660
"LineString (120.95189700000000244 24.72713099999999997, 120.96739109882717855 24.73345023795540953)",國1,N,01F-104.5N,01F1045N,11,13.2,頭份,新竹系統(連接國3),24.727131,120.951897,O1D570
"LineString (120.90426669999999376 24.67931670000000111, 120.91238678202415713 24.68825254420855586)",國1,N,01F-112.3N,01F1123N,15.1,18.1,頭屋,頭份,24.6793167,120.9042667,C0E730
"LineString (120.83892500000000325 24.55044200000000032, 120.82457656959773828 24.56495541567024077)",國1,N,01F-129.2N,01F1292N,7.4,8.8,苗栗,頭屋,24.550442,120.838925,C0E750
"LineString (120.78190299999999979 24.4859189999999991, 120.79077085537805658 24.48975608423497974)",國1,N,01F-138.9N,01F1389N,7.3,8.7,銅鑼,苗栗,24.485919,120.781903,C0E780
"LineString (120.77573099999999329 24.42051400000000072, 120.77006546880085125 24.41425603708551151)",國1,N,01F-146.5N,01F1465N,10,12,三義,銅鑼,24.420514,1.21E+02,01E290
"LineString (120.72084999999999866 24.33914700000000053, 120.70565958416963781 24.34785848045181922)",國1,N,01F-157.2N,01F1572N,10.5,12.6,后里,三義,24.339147,120.72085,C0F9Q0
"LineString (120.69732500000000641 24.30118600000000129, 120.72965778810657866 24.31035661170697537)",國1,N,01F-162.1N,01F1621N,4.7,5.6,台中系統(連接國4),后里,24.301186,120.697325,C0F9L0
"LineString (120.69195600000000468 24.26264700000000119, 120.72045399264135312 24.25455624806673072)",國1,N,01F-166.4N,01F1664N,2.5,3,豐原,台中系統(連接國4),24.262647,120.691956,C0F9M0
"LineString (120.67137499999999761 24.21295599999999837, 120.70395093341556958 24.21305649525024961)",國1,N,01F-172.5N,01F1725N,6.2,7.4,大雅,豐原,24.212956,120.671375,C0F9O0
"LineString (120.63561099999999726 24.18459199999999854, 120.64104725766308945 24.18025935427933248)",國1,N,01F-177.4N,01F1774N,4.4,5.2,台中(台灣大道),大雅,24.184592,120.635611,C0F9T0
"LineString (120.62193299999999851 24.16370600000000124, 120.64104725766308945 24.18025935427933248)",國1,N,01F-180.2N,01F1802N,2.8,3.3,南屯,台中(台灣大道),24.163706,120.621933,C0F9T0
"LineString (120.6172470000000061 24.13076699999999875, 120.63824445318670087 24.13715883978751719)",國1,N,01F-183.9N,01F1839N,8.2,9.8,王田,南屯,24.130767,120.617247,C0F9U0
"LineString (120.56813099999999395 24.11357200000000134, 120.55663884649709416 24.08136232590750581)",國1,N,01F-190.6N,01F1906N,3.1,3.7,彰化系統(連接國3),王田,24.113572,120.568131,A0G720
"LineString (120.52785000000000082 24.08562200000000075, 120.55663884649709416 24.08136232590750581)",國1,N,01F-196.0N,01F1960N,5.6,6.7,彰化,彰化系統(連接國3),24.085622,120.52785,A0G720
"LineString (120.52278599999999642 24.04063899999999876, 120.50383451779346444 24.03416440019957179)",國1,N,01F-201.1N,01F2011N,9.1,10.9,埔鹽系統(連接台76),彰化,24.040639,120.522786,C0G780
"LineString (120.50611700000000326 23.97179399999999916, 120.52572960187876561 23.9469618890930569)",國1,N,01F-208.9N,01F2089N,3.4,4,員林,埔鹽系統(連接台76),23.971794,120.506117,C0G810
"LineString (120.49764999999999304 23.91276900000000083, 120.50952635149896253 23.90166204802253702)",國1,N,01F-215.6N,01F2156N,9.1,10.9,北斗,員林,23.912769,120.49765,C0G820
"LineString (120.48488100000000145 23.83056900000000056, 120.49902295483781245 23.85156183172435718)",國1,N,01F-224.9N,01F2249N,10.4,12.4,西螺,北斗,23.830569,120.484881,C0G720
"LineString (120.46934199999999748 23.76632800000000145, 120.50231741829790622 23.76116027393461394)",國1,N,01F-232.2N,01F2322N,5.2,6.2,虎尾(斗六聯絡道),西螺,23.766328,120.469342,C0K480
"LineString (120.47491700000000492 23.70260299999999987, 120.47831170341355289 23.67876027717437992)",國1,N,01F-239.4N,01F2394N,4.9,5.8,斗南(158縣道),虎尾(斗六聯絡道),23.702603,120.474917,C0K460
"LineString (120.46228100000000438 23.67737500000000139, 120.47831170341355289 23.67876027717437992)",國1,N,01F-242.5N,01F2425N,3.2,3.8,雲林系統(連接台78),斗南(158縣道),23.677375,120.462281,C0K460
"LineString (120.4402639999999991 23.62915800000000033, 120.43150848236322759 23.6460622275019503)",國1,N,01F-248.3N,01F2483N,6.5,7.8,大林,雲林系統(連接台78),23.629158,120.440264,C0K450
"LineString (120.43541700000000105 23.60198899999999966, 120.45840638071233286 23.60066013070358082)",國1,N,01F-251.4N,01F2514N,6.9,8.2,民雄,大林,23.601989,120.435417,C0M670
"LineString (120.40558299999999292 23.52673899999999918, 120.42840260675015429 23.55176095280504711)",國1,N,01F-260.3N,01F2603N,7.1,8.5,嘉義,民雄,23.526739,120.405583,C0M760
"LineString (120.37770000000000437 23.46940299999999979, 120.33139418519775177 23.45506452230338468)",國1,N,01F-267.4N,01F2674N,6.2,7.4,水上,嘉義,23.469403,120.3777,C0M680
"LineString (120.36156099999999469 23.43636700000000062, 120.38889352573163194 23.41976100447090303)",國1,N,01F-271.4N,01F2714N,2.5,3,嘉義系統(連接台82),水上,23.436367,120.361561,C0M690
"LineString (120.32219200000000114 23.34746900000000025, 120.31668503667845016 23.31066308479922)",國1,N,01F-282.7N,01F2827N,11.3,13.5,新營服務區,嘉義系統(連接台82),23.347469,120.322192,C0X250
"LineString (120.29870300000000327 23.32099399999999889, 120.31668503667845016 23.31066308479922)",國1,N,01F-286.6N,01F2866N,4.2,5,新營,新營服務區,23.320994,120.298703,C0X250
"LineString (120.26576900000000592 23.27258899999999997, 120.24758093341039 23.2725660659626179)",國1,N,01F-293.0N,01F2930N,11.2,13.4,下營系統(連接台84),新營,23.272589,120.265769,C0X230
"LineString (120.2366750000000053 23.20508900000000096, 120.24857559207991642 23.18336465760650711)",國1,N,01F-301.9N,01F3019N,4.1,4.9,麻豆,下營系統(連接台84),23.205089,120.236675,C0X120
"LineString (120.23130299999999693 23.14813099999999935, 120.20317094530031454 23.12566610773907527)",國1,N,01F-308.3N,01F3083N,7.5,9,安定,麻豆,23.148131,120.231303,C0X140
"LineString (120.24768100000000004 23.1048170000000006, 120.2280702228652558 23.10266448550353502)",國1,N,01F-312.6N,01F3126N,4.3,5.1,台南系統(連接國8),安定,23.104817,120.247681,C0X150
"LineString (120.25302499999999384 23.05131099999999833, 120.23666661272532963 23.03836307695248564)",國1,N,01F-318.5N,01F3185N,4.2,5,永康,台南系統(連接國8),23.051311,120.253025,467420
"LineString (120.24999699999999336 23.01417199999999852, 120.23666661272532963 23.03836307695248564)",國1,N,01F-322.7N,01F3227N,4.9,5.8,大灣,永康,23.014172,120.249997,467420
"LineString (120.24817500000000337 22.99181400000000153, 120.25786300664705664 22.96836094922830895)",國1,N,01F-325.2N,01F3252N,2.9,3.4,台南(仁德),大灣,22.991814,120.248175,C0X160
"LineString (120.24982199999999466 22.96090299999999829, 120.25786300664705664 22.96836094922830895)",國1,N,01F-328.6N,01F3286N,3.3,3.9,仁德系統(連接台86),台南(仁德),22.960903,120.249822,C0X160
"LineString (120.27214999999999634 22.89261899999999983, 120.2444578522030838 22.8871604208263868)",國1,N,01F-336.6N,01F3366N,7.6,9.1,路竹,仁德系統(連接台86),22.892619,120.27215,C0V640
"LineString (120.28498899999999594 22.86741900000000172, 120.25945633810562185 22.8548591823526408)",國1,N,01F-339.8N,01F3398N,4.1,4.9,高科,路竹,22.867419,120.284989,C0V750
"LineString (120.31273099999999943 22.81803899999999885, 120.29495386025774906 22.7970565366665312)",國1,N,01F-346.0N,01F3460N,7,8.4,岡山,高科,22.818039,120.312731,C0V660
"LineString (120.33080599999999549 22.76167200000000079, 120.305751839937912 22.75785541853884908)",國1,N,01F-352.5N,01F3525N,5.9,7,楠梓(旗楠路),岡山,22.761672,120.330806,C0V760
"LineString (120.33428600000000586 22.73090300000000141, 120.34665127531904716 22.7301529549158019)",國1,N,01F-355.9N,01F3559N,1.8,2.1,楠梓(鳳楠路),楠梓(旗楠路),22.730903,120.334286,C0V770
"LineString (120.32821900000000426 22.70352499999999907, 120.34774960750047512 22.70115248027079247)",國1,N,01F-359.0N,01F3590N,5.2,6.2,鼎金系統(連接國10、大中路),楠梓(鳳楠路),22.703525,120.328219,C0V680
"LineString (120.33208100000000229 22.65889200000000159, 120.31134539923652937 22.64515350005096295)",國1,N,01F-364.0N,01F3640N,4.3,5.1,高雄(九如、建國路),鼎金系統(連接國10、大中路),22.658892,120.332081,C0V700
"LineString (120.33622200000000646 22.62781899999999879, 120.33064459430833892 22.62275220878950677)",國1,N,01F-367.6N,01F3676N,1.2,1.4,高雄(中正、三多路),高雄(九如、建國路),22.627819,120.336222,C0V710
"LineString (120.33960799999999836 22.60942800000000119, 120.33064459430833892 22.62275220878950677)",國1,N,01F-369.6N,01F3696N,2.9,3.4,瑞隆路南下出口匝道,高雄(中正、三多路),22.609428,120.339608,C0V710
"LineString (120.32314999999999827 22.58193299999999937, 120.31574090984943837 22.56595213826852842)",國1,N,01F-373.6N,01F3736N,1.2,1.4,高雄端(新生路),高雄端(中山四路),22.581933,120.32315,467440
"LineString (121.59873299999999574 25.06400599999999912, 121.60292760375402565 25.05572007254141553)",國1高架,S,01H-016.3S,01H0163S,7.5,9,汐止&汐止系統(連接國1平面),堤頂,25.064006,121.598733,C0A9G0
"LineString (121.55773899999999799 25.0727499999999992, 121.54292769377110517 25.07792371892113081)",國1高架,S,01H-020.6S,01H0206S,6.8,8.1,堤頂,環北,25.07275,121.557739,C0A9A0
"LineString (121.45093900000000531 25.07274699999999967, 121.44672367859739381 25.05152866182259075)",國1高架,S,01H-030.5S,01H0305S,7.4,8.8,環北,五股(高架),25.072747,121.450939,C0ACA0
"LineString (121.43328099999999381 25.06872800000000012, 121.44672367859739381 25.05152866182259075)",國1高架,S,01H-033.4S,01H0334S,1.4,1.6,五股(高架),高公局,25.068728,121.433281,C0ACA0
"LineString (121.33185799999999688 25.06012499999999932, 121.37682374337161662 25.07723291382906083)",國1高架,S,01H-044.7S,01H0447S,17.8,21.3,高公局,機場系統(連接國2),25.060125,121.331858,01A160
"LineString (121.23253099999999449 24.98409399999999891, 121.18531186779590314 24.96774185351622677)",國1高架,S,01H-057.9S,01H0579S,10.2,12.2,機場系統(連接國2),中壢,24.984094,121.232531,C0C520
"LineString (121.20986700000000269 24.96525000000000105, 121.18531186779590314 24.96774185351622677)",國1高架,S,01H-061.0S,01H0610S,6.7,8,中壢,楊梅,24.96525,121.209867,C0C520
"LineString (121.58804399999999646 25.06554399999999916, 121.58252689754552023 25.05222115205013012)",國1高架,N,01H-017.4N,01H0174N,7.5,9,堤頂,汐止&汐止系統(連接國1平面),25.065544,121.588044,A1AB40
"LineString (121.56251899999999466 25.07099399999999889, 121.56672703155011561 25.05972213574742824)",國1高架,N,01H-020.0N,01H0200N,1.7,2,下塔悠北上出口匝道,堤頂,25.070994,121.562519,A1A9Y0
"LineString (121.5550139999999999 25.07226100000000102, 121.54292769377110517 25.07792371892113081)",國1高架,N,01H-020.8N,01H0208N,5.1,6.1,環北,下塔悠北上出口匝道,25.072261,121.555014,C0A9A0
"LineString (121.49401899999999443 25.07525599999999955, 121.50302758461972985 25.09022611070766828)",國1高架,N,01H-027.1N,01H0271N,7.4,8.8,五股(高架),環北,25.075256,121.494019,C0A9E0
"LineString (121.43513299999999333 25.06814699999999974, 121.44672367859739381 25.05152866182259075)",國1高架,N,01H-033.3N,01H0333N,1.4,1.6,高公局,五股(高架),25.068147,121.435133,C0ACA0
"LineString (121.33207199999999659 25.05924200000000113, 121.37682374337161662 25.07723291382906083)",國1高架,N,01H-044.7N,01H0447N,17.8,21.3,機場系統(連接國2),高公局,25.059242,121.332072,01A160
"LineString (121.23298099999999522 24.98366700000000051, 121.18531186779590314 24.96774185351622677)",國1高架,N,01H-057.9N,01H0579N,10.2,12.2,中壢,機場系統(連接國2),24.983667,121.232981,C0C520
"LineString (121.2116139999999973 24.96587800000000001, 121.18531186779590314 24.96774185351622677)",國1高架,N,01H-060.8N,01H0608N,6.7,8,楊梅,中壢,24.965878,121.211614,C0C520
"LineString (121.70890799999999388 25.13710599999999928, 121.74043595562432074 25.13331355324572769)",國3,S,03F-000.6S,03F0006S,2.3,2.7,基金,瑪東系統(連接台62),25.137106,121.708908,466940
"LineString (121.6535559999999947 25.0899940000000008, 121.65882964144718414 25.06691713572348945)",國3,S,03F-008.7S,03F0087S,8.4,10,瑪東系統(連接台62),汐止系統(連接國1),25.089994,121.653556,C0AH00
"LineString (121.64346700000000112 25.06561100000000053, 121.64182886928124105 25.06121799628277813)",國3,S,03F-011.6S,03F0116S,2.1,2.5,汐止系統(連接國1),新台五路,25.065611,121.643467,01AG00
"LineString (121.63128100000000131 25.05274199999999851, 121.64182886928124105 25.06121799628277813)",國3,S,03F-013.6S,03F0136S,1.7,2,新台五路,南港(連接環東大道),25.052742,121.631281,01AG00
"LineString (121.6213860000000011 25.03653299999999859, 121.61942693735105081 25.04001893296611314)",國3,S,03F-015.8S,03F0158S,1.2,1.4,南港(連接環東大道),南港系統(連接國五),25.036533,121.621386,A1AA70
"LineString (121.59598099999999476 25.00743599999999844, 121.57572341344392441 25.00232080861051642)",國3,S,03F-020.1S,03F0201S,4.7,5.6,南港系統(連接國五),木柵(連接國3甲),25.007436,121.595981,C0AC80
"LineString (121.59293300000000215 24.99356699999999876, 121.58032213620147388 24.98152025517805441)",國3,S,03F-021.7S,03F0217S,6.3,7.5,木柵(連接國3甲),新店(中興路),24.993567,121.592933,A1AC40
"LineString (121.53057200000000648 24.96255000000000024, 121.52461934603762472 24.95902300622435632)",國3,S,03F-030.1S,03F0301S,4.1,4.9,新店(中興路),安坑(中央、安康路),24.96255,121.530572,A0A9M0
"LineString (121.50238099999999974 24.97888100000000122, 121.490420786848631 24.9927253837711234)",國3,S,03F-033.7S,03F0337S,4.8,5.7,安坑(中央、安康路),中和(連接台64),24.978881,121.502381,C0AG90
"LineString (121.45492500000000291 24.97524699999999953, 121.4451184209001724 24.97312759928404446)",國3,S,03F-039.4S,03F0394S,6.7,8,中和(連接台64),土城(連接台65),24.975247,121.454925,C0AD40
"LineString (121.41268100000000629 24.95050300000000121, 121.4020175245040889 24.97493000486378634)",國3,S,03F-044.7S,03F0447S,4.9,5.8,土城(連接台65),樹林,24.950503,121.412681,C0A520
"LineString (121.36527499999999691 24.94382500000000036, 121.36971437736431767 24.93903125723725012)",國3,S,03F-049.8S,03F0498S,3.3,3.9,樹林,三鶯,24.943825,121.365275,C0AC60
"LineString (121.34189999999999543 24.93602500000000077, 121.35601401927505094 24.93853200497364853)",國3,S,03F-052.5S,03F0525S,3.7,4.4,三鶯,鶯歌系統(連接國2),24.936025,121.3419,01A220
"LineString (121.31245800000000656 24.93022500000000008, 121.2832116352790166 24.92873587074902275)",國3,S,03F-055.9S,03F0559S,8.4,10,鶯歌系統(連接國2),大溪(連接台66),24.930225,121.312458,C0C490
"LineString (121.25083899999999915 24.87879200000000068, 121.26510817152978916 24.88293618372619065)",國3,S,03F-064.8S,03F0648S,5.5,6.6,大溪(連接台66),龍潭,24.878792,121.250839,C0C630
"LineString (121.20858099999999524 24.85655799999999971, 121.22140627034285387 24.87003839312516718)",國3,S,03F-069.8S,03F0698S,7.9,9.4,龍潭,關西服務區,24.856558,121.208581,C0C670
"LineString (121.17912800000000573 24.79733900000000091, 121.17390040006969798 24.79833992461407277)",國3,S,03F-078.3S,03F0783S,3,3.6,關西服務區,關西,24.797339,121.179128,C0D390
"LineString (121.12599699999999814 24.79143900000000045, 121.11889697802260457 24.76654245810562216)",國3,S,03F-084.6S,03F0846S,11.1,13.3,關西,竹林,24.791439,121.125997,C1D630
"LineString (121.03042499999999393 24.75844199999999873, 121.02499261373654349 24.73494711379798616)",國3,S,03F-096.1S,03F0961S,8.5,10.2,竹林,寶山,24.758442,121.030425,C0D580
"LineString (120.99726900000000285 24.75581100000000134, 121.02499261373654349 24.73494711379798616)",國3,S,03F-099.6S,03F0996S,1.9,2.2,寶山,新竹系統(連接國1),24.755811,120.997269,C0D580
"LineString (120.97226700000000221 24.75791399999999953, 120.96739109882717855 24.73345023795540953)",國3,S,03F-102.2S,03F1022S,3.2,3.8,新竹系統(連接國1),茄苳,24.757914,120.972267,O1D570
"LineString (120.94567499999999427 24.75309400000000082, 120.96739109882717855 24.73345023795540953)",國3,S,03F-105.1S,03F1051S,5.3,6.3,茄苳,香山,24.753094,120.945675,O1D570
"LineString (120.88963900000000251 24.71138300000000143, 120.88898756061138329 24.70905414215697604)",國3,S,03F-112.8S,03F1128S,5.6,6.7,香山,西濱(連接台61),24.711383,120.889639,C0E420
"LineString (120.86008599999999547 24.69800599999999946, 120.88898756061138329 24.70905414215697604)",國3,S,03F-116.1S,03F1161S,3.7,4.4,西濱(連接台61),竹南,24.698006,120.860086,C0E420
"LineString (120.83824199999999394 24.65596400000000088, 120.82078104397325546 24.63525671250312854)",國3,S,03F-121.5S,03F1215S,5.4,6.4,竹南,大山,24.655964,120.838242,01E390
"LineString (120.81400600000000622 24.62716100000000097, 120.82078104397325546 24.63525671250312854)",國3,S,03F-125.7S,03F1257S,5.7,6.8,大山,後龍,24.627161,120.814006,01E390
"LineString (120.76441699999999457 24.57964199999999977, 120.74847451154839462 24.56265950842051993)",國3,S,03F-133.2S,03F1332S,4.7,5.6,後龍,西湖服務區,24.579642,120.764417,C0E810
"LineString (120.73325300000000482 24.5311249999999994, 120.74847451154839462 24.56265950842051993)",國3,S,03F-139.5S,03F1395S,9.4,11.2,西湖服務區,通霄,24.531125,120.733253,C0E810
"LineString (120.68121700000000374 24.46730799999999917, 120.70456753055188415 24.47186046727976461)",國3,S,03F-148.5S,03F1485S,12.5,15,通霄,苑裡,24.467308,120.681217,C0E590
"LineString (120.65156700000000001 24.34111899999999906, 120.64055795487675482 24.3481619866046195)",國3,S,03F-163.3S,03F1633S,7.5,9,苑裡,大甲,24.341119,120.651567,C0F930
"LineString (120.63557799999999531 24.33471899999999977, 120.64055795487675482 24.3481619866046195)",國3,S,03F-165.1S,03F1651S,4.7,5.6,大甲,中港系統(連接國4),24.334719,120.635578,C0F930
"LineString (120.60196399999999528 24.29288100000000128, 120.56225366049646652 24.31226563163646404)",國3,S,03F-171.0S,03F1710S,3.5,4.2,中港系統(連接國4),清水服務區,24.292881,120.601964,C0F9P0
"LineString (120.59080600000000061 24.26946399999999926, 120.56225366049646652 24.31226563163646404)",國3,S,03F-173.9S,03F1739S,3.7,4.4,清水服務區,沙鹿,24.269464,120.590806,C0F9P0
"LineString (120.59330599999999833 24.23464699999999894, 120.62434906437771076 24.21536078994752827)",國3,S,03F-177.9S,03F1779S,6.7,8,沙鹿,龍井,24.234647,120.593306,C0F9X0
"LineString (120.54824399999999684 24.17783100000000118, 120.52894467114816734 24.18456541051860142)",國3,S,03F-186.0S,03F1860S,8.8,10.5,龍井,和美,24.177831,120.548244,C0F9R0
"LineString (120.53669200000000217 24.11901100000000042, 120.55663884649709416 24.08136232590750581)",國3,S,03F-194.4S,03F1944S,5.1,6.1,和美,彰化系統(連接國1),24.119011,120.536692,A0G720
"LineString (120.5776610000000062 24.10280799999999957, 120.55663884649709416 24.08136232590750581)",國3,S,03F-199.1S,03F1991S,5.4,6.4,彰化系統(連接國1),快官(連接台74),24.102808,120.577661,A0G720
"LineString (120.63971100000000547 24.07033300000000153, 120.62404218764960717 24.10705913377877962)",國3,S,03F-206.6S,03F2066S,5.2,6.2,快官(連接台74),烏日,24.070333,120.639711,C0F9S0
"LineString (120.65236099999999908 24.06777800000000056, 120.62404218764960717 24.10705913377877962)",國3,S,03F-207.9S,03F2079S,1.8,2.1,烏日,中投(連接台63),24.067778,120.652361,C0F9S0
"LineString (120.6709639999999979 24.06065299999999851, 120.70034320771581804 24.0926548489598531)",國3,S,03F-210.0S,03F2100S,2.3,2.7,中投(連接台63),霧峰(台3線、太平-台74),24.060653,120.670964,C0F9N0
"LineString (120.67577500000000157 24.03739200000000054, 120.72444019192120379 24.03525269702029021)",國3,S,03F-212.9S,03F2129S,2.9,3.4,霧峰(台3線、太平-台74),霧峰系統(連接國6),24.037392,120.675775,81F900
"LineString (120.66322200000000464 24.01999199999999846, 120.62123633835759051 24.01545787803982535)",國3,S,03F-215.2S,03F2152S,3,3.6,霧峰系統(連接國6),草屯,24.019992,120.663222,C0G620
"LineString (120.65271400000000313 23.98584400000000016, 120.67893510230949516 23.97255416480209433)",國3,S,03F-219.4S,03F2194S,5.6,6.7,草屯,中興系統(台76-八卦山隧道),23.985844,120.652714,01H630
"LineString (120.66126699999999516 23.95550300000000021, 120.67893510230949516 23.97255416480209433)",國3,S,03F-223.5S,03F2235S,1.8,2.1,中興系統(台76-八卦山隧道),中興,23.955503,120.661267,01H630
"LineString (120.67703899999999351 23.93759999999999977, 120.69543158196104571 23.90975234478779043)",國3,S,03F-226.1S,03F2261S,3.8,4.5,中興,南投,23.9376,120.677039,C0I460
"LineString (120.70282799999999668 23.90678099999999873, 120.69543158196104571 23.90975234478779043)",國3,S,03F-230.6S,03F2306S,3,3.6,南投,南投服務區,23.906781,120.702828,C0I460
"LineString (120.70918600000000254 23.88203100000000134, 120.69543158196104571 23.90975234478779043)",國3,S,03F-233.6S,03F2336S,5.6,6.7,南投服務區,名間,23.882031,120.709186,C0I460
"LineString (120.70000299999999527 23.81483599999999967, 120.70142719291000333 23.83705093940067243)",國3,S,03F-241.5S,03F2415S,6.7,8,名間,竹山,23.814836,120.700003,C0I410
"LineString (120.70451900000000478 23.78748600000000124, 120.71082472747166037 23.79364979773396982)",國3,S,03F-244.7S,03F2447S,6.3,7.5,竹山,南雲,23.787486,120.704519,81H980
"LineString (120.62590000000000146 23.77558099999999897, 120.61251986172990769 23.75525439414139939)",國3,S,03F-253.5S,03F2535S,10.2,12.2,南雲,斗六,23.775581,120.6259,01J930
"LineString (120.60178600000000415 23.7244250000000001, 120.60961937887746842 23.74865444736106568)",國3,S,03F-261.4S,03F2614S,8.1,9.7,斗六,古坑(文化路)&古坑系統(連接台78),23.724425,120.601786,C0K470
"LineString (120.57295000000000584 23.64914200000000122, 120.55971227920508682 23.65435564706170624)",國3,S,03F-270.9S,03F2709S,2.1,2.5,古坑(文化路)&古坑系統(連接台78),古坑(朝陽路),23.649142,120.57295,C0K490
"LineString (120.55856699999999648 23.61820300000000117, 120.54851076105653362 23.63435593242448718)",國3,S,03F-274.7S,03F2747S,5.7,6.8,古坑(朝陽路),古坑服務區,23.618203,120.558567,A2K570
"LineString (120.53251099999999951 23.60679199999999867, 120.55560792741505338 23.58535482697824648)",國3,S,03F-277.7S,03F2777S,2.5,3,古坑服務區,梅山,23.606792,120.532511,C0M770
"LineString (120.50506099999999776 23.55812500000000043, 120.5209061273491784 23.5704564138979471)",國3,S,03F-284.0S,03F2840S,9.6,11.5,梅山,竹崎(竹崎連絡道),23.558125,120.505061,01L910
"LineString (120.48632800000000032 23.51168300000000144, 120.5205036584683711 23.53035583355474358)",國3,S,03F-289.9S,03F2899S,2,2.4,竹崎(竹崎連絡道),竹崎(159縣道),23.511683,120.486328,01L490
"LineString (120.49458599999999819 23.49207799999999935, 120.5205036584683711 23.53035583355474358)",國3,S,03F-292.3S,03F2923S,6.5,7.8,竹崎(159縣道),中埔,23.492078,120.494586,01L490
"LineString (120.48120000000000118 23.44248599999999882, 120.46049767884305481 23.45765786257494057)",國3,S,03F-298.5S,03F2985S,2.9,3.4,中埔,水上系統(連接台82),23.442486,120.4812,C0M730
"LineString (120.43635600000000352 23.36125300000000138, 120.41438979324877323 23.34745859625010311)",國3,S,03F-310.1S,03F3101S,11.3,13.5,水上系統(連接台82),白河,23.361253,120.436356,C0X210
"LineString (120.40416399999999442 23.29669200000000018, 120.38558596987350313 23.29655931931747403)",國3,S,03F-318.7S,03F3187S,8.1,9.7,白河,東山服務區,23.296692,120.404164,C0X050
"LineString (120.39025300000000129 23.279281000000001, 120.38558596987350313 23.29655931931747403)",國3,S,03F-321.1S,03F3211S,2.8,3.3,東山服務區,柳營,23.279281,120.390253,C0X050
"LineString (120.3673780000000022 23.24499399999999838, 120.37358328752823411 23.25725934833966235)",國3,S,03F-325.9S,03F3259S,7.1,8.5,柳營,烏山頭,23.244994,120.367378,C0X270
"LineString (120.35546100000000536 23.20327500000000143, 120.31557793270866341 23.19326136905791103)",國3,S,03F-330.7S,03F3307S,5.1,6.1,烏山頭,官田系統(連接台84),23.203275,120.355461,C0X130
"LineString (120.33371099999999387 23.13206399999999974, 120.36087464647694389 23.11885793506246145)",國3,S,03F-339.2S,03F3392S,5.3,6.3,官田系統(連接台84),善化,23.132064,120.333711,C0O860
"LineString (120.32903299999999547 23.08527199999999979, 120.36327212694645539 23.07565717146902173)",國3,S,03F-344.5S,03F3445S,6.7,8,善化,新化系統(連接國8),23.085272,120.329033,C0X180
"LineString (120.32517199999999491 23.04020300000000177, 120.33716847770378422 23.02575776456179923)",國3,S,03F-349.6S,03F3496S,10.1,12.1,新化系統(連接國8),關廟(連接台86),23.040203,120.325172,01O710
"LineString (120.34016400000000147 22.96975799999999879, 120.32776451514986604 22.96315731755561274)",國3,S,03F-358.8S,03F3588S,6.8,8.1,關廟(連接台86),關廟服務區,22.969758,120.340164,C0X170
"LineString (120.35476699999999539 22.90196900000000113, 120.32755977616591281 22.88315615009126702)",國3,S,03F-367.0S,03F3670S,5.7,6.8,關廟服務區,田寮,22.901969,120.354767,C0V530
"LineString (120.38542800000000454 22.84512199999999993, 120.39815739593171884 22.81185153807992805)",國3,S,03F-374.3S,03F3743S,13.5,16.2,田寮,燕巢系統(連接國10),22.845122,120.385428,01P390
"LineString (120.44183900000000165 22.76919699999999835, 120.44665433665241494 22.73854803720465156)",國3,S,03F-385.4S,03F3854S,7.9,9.4,燕巢系統(連接國10),九如,22.769197,120.441839,C0V350
"LineString (120.49683899999999426 22.74979199999999935, 120.49055557410429174 22.74054585279818141)",國3,S,03F-391.6S,03F3916S,9.2,11,九如,長治,22.749792,120.496839,C0R490
"LineString (120.56308599999999842 22.68277499999999947, 120.54265411731668678 22.69304255872115661)",國3,S,03F-401.8S,03F4018S,6.7,8,長治,麟洛,22.682775,120.563086,C0R480
"LineString (120.52616100000000188 22.57958599999999905, 120.5439478449920756 22.58484098241164872)",國3,S,03F-414.2S,03F4142S,7.3,8.7,麟洛,竹田系統(連接台88),22.579586,120.526161,C0R500
"LineString (120.52455799999999897 22.55718600000000151, 120.5400448166462013 22.53434047647370519)",國3,S,03F-416.8S,03F4168S,6.7,8,竹田系統(連接台88),崁頂,22.557186,120.524558,C0R220
"LineString (120.52577499999999588 22.50136699999999834, 120.51104286027231183 22.51324163257394773)",國3,S,03F-423.2S,03F4232S,2.4,2.8,崁頂,南州,22.501367,120.525775,O1R630
"LineString (120.53084400000000187 22.47466100000000111, 120.50274107140282354 22.48594166755822243)",國3,S,03F-426.3S,03F4263S,5.9,7,南州,林邊(大鵬灣端),22.474661,120.530844,C0R580
"LineString (121.698631000000006 25.12951400000000035, 121.74043595562432074 25.13331355324572769)",國3,N,03F-002.1N,03F0021N,2.3,2.7,瑪東系統(連接台62),基金,25.129514,121.698631,466940
"LineString (121.68178899999999487 25.10374699999999848, 121.69493127899239937 25.07901530688962666)",國3,N,03F-005.4N,03F0054N,8.4,10,汐止系統(連接國1),瑪東系統(連接台62),25.103747,121.681789,01B030
"LineString (121.64346700000000112 25.06561100000000053, 121.64182886928124105 25.06121799628277813)",國3,N,03F-011.6N,03F0116N,2.1,2.5,新台五路,汐止系統(連接國1),25.065611,121.643467,01AG00
"LineString (121.62815600000000416 25.05031899999999823, 121.61942693735105081 25.04001893296611314)",國3,N,03F-014.0N,03F0140N,1.7,2,南港(連接環東大道),新台五路,25.050319,121.628156,A1AA70
"LineString (121.62478900000000692 25.04238900000000001, 121.61942693735105081 25.04001893296611314)",國3,N,03F-015.0N,03F0150N,1.2,1.4,南港系統(連接國五)&南深路出口匝道,南港(連接環東大道),25.042389,121.624789,A1AA70
"LineString (121.59638099999999383 25.00737499999999969, 121.57572341344392441 25.00232080861051642)",國3,N,03F-020.1N,03F0201N,4.4,5.2,木柵(連接國3甲),南港系統(連接國五)&南深路出口匝道,25.007375,121.596381,C0AC80
"LineString (121.59336700000000064 24.99374399999999952, 121.58032213620147388 24.98152025517805441)",國3,N,03F-021.7N,03F0217N,6.3,7.5,新店(中興路),木柵(連接國3甲),24.993744,121.593367,A1AC40
"LineString (121.53057200000000648 24.96255000000000024, 121.52461934603762472 24.95902300622435632)",國3,N,03F-030.1N,03F0301N,4.1,4.9,安坑(中央、安康路),新店(中興路),24.96255,121.530572,A0A9M0
"LineString (121.50174400000000219 24.97858599999999996, 121.490420786848631 24.9927253837711234)",國3,N,03F-033.8N,03F0338N,4.8,5.7,中和(連接台64),安坑(中央、安康路),24.978586,121.501744,C0AG90
"LineString (121.45492500000000291 24.97524699999999953, 121.4451184209001724 24.97312759928404446)",國3,N,03F-039.4N,03F0394N,6.7,8,土城(連接台65),中和(連接台64),24.975247,121.454925,C0AD40
"LineString (121.41268100000000629 24.95050300000000121, 121.4020175245040889 24.97493000486378634)",國3,N,03F-044.7N,03F0447N,4.9,5.8,樹林,土城(連接台65),24.950503,121.412681,C0A520
"LineString (121.36527499999999691 24.94382500000000036, 121.36971437736431767 24.93903125723725012)",國3,N,03F-049.8N,03F0498N,3.3,3.9,三鶯,樹林,24.943825,121.365275,C0AC60
"LineString (121.34189999999999543 24.93602500000000077, 121.35601401927505094 24.93853200497364853)",國3,N,03F-052.5N,03F0525N,3.7,4.4,鶯歌系統(連接國2),三鶯,24.936025,121.3419,01A220
"LineString (121.31245800000000656 24.93022500000000008, 121.2832116352790166 24.92873587074902275)",國3,N,03F-055.9N,03F0559N,8.4,10,大溪(連接台66),鶯歌系統(連接國2),24.930225,121.312458,C0C490
"LineString (121.25083899999999915 24.87879200000000068, 121.26510817152978916 24.88293618372619065)",國3,N,03F-064.8N,03F0648N,5.5,6.6,龍潭,大溪(連接台66),24.878792,121.250839,C0C630
"LineString (121.20858099999999524 24.85655799999999971, 121.22140627034285387 24.87003839312516718)",國3,N,03F-069.8N,03F0698N,7.9,9.4,關西服務區,龍潭,24.856558,121.208581,C0C670
"LineString (121.17912800000000573 24.79733900000000091, 121.17390040006969798 24.79833992461407277)",國3,N,03F-078.3N,03F0783N,3,3.6,關西,關西服務區,24.797339,121.179128,C0D390
"LineString (121.12599699999999814 24.79143900000000045, 121.11889697802260457 24.76654245810562216)",國3,N,03F-084.6N,03F0846N,11.1,13.3,竹林,關西,24.791439,121.125997,C1D630
"LineString (121.03042499999999393 24.75844199999999873, 121.02499261373654349 24.73494711379798616)",國3,N,03F-096.1N,03F0961N,8.5,10.2,寶山,竹林,24.758442,121.030425,C0D580
"LineString (120.99726900000000285 24.75581100000000134, 121.02499261373654349 24.73494711379798616)",國3,N,03F-099.6N,03F0996N,1.9,2.2,新竹系統(連接國1),寶山,24.755811,120.997269,C0D580
"LineString (120.97226700000000221 24.75791399999999953, 120.96739109882717855 24.73345023795540953)",國3,N,03F-102.2N,03F1022N,3.2,3.8,茄苳,新竹系統(連接國1),24.757914,120.972267,O1D570
"LineString (120.94567499999999427 24.75309400000000082, 120.96739109882717855 24.73345023795540953)",國3,N,03F-105.1N,03F1051N,5.3,6.3,香山,茄苳,24.753094,120.945675,O1D570
"LineString (120.88963900000000251 24.71138300000000143, 120.88898756061138329 24.70905414215697604)",國3,N,03F-112.8N,03F1128N,5.6,6.7,西濱(連接台61),香山,24.711383,120.889639,C0E420
"LineString (120.86008599999999547 24.69800599999999946, 120.88898756061138329 24.70905414215697604)",國3,N,03F-116.1N,03F1161N,3.7,4.4,竹南,西濱(連接台61),24.698006,120.860086,C0E420
"LineString (120.83824199999999394 24.65596400000000088, 120.82078104397325546 24.63525671250312854)",國3,N,03F-121.5N,03F1215N,5.4,6.4,大山,竹南,24.655964,120.838242,01E390
"LineString (120.81400600000000622 24.62716100000000097, 120.82078104397325546 24.63525671250312854)",國3,N,03F-125.7N,03F1257N,5.7,6.8,後龍,大山,24.627161,120.814006,01E390
"LineString (120.76441699999999457 24.57964199999999977, 120.74847451154839462 24.56265950842051993)",國3,N,03F-133.2N,03F1332N,4.7,5.6,西湖服務區,後龍,24.579642,120.764417,C0E810
"LineString (120.73325300000000482 24.5311249999999994, 120.74847451154839462 24.56265950842051993)",國3,N,03F-139.5N,03F1395N,9.4,11.2,通霄,西湖服務區,24.531125,120.733253,C0E810
"LineString (120.68121700000000374 24.46730799999999917, 120.70456753055188415 24.47186046727976461)",國3,N,03F-148.5N,03F1485N,12.5,15,苑裡,通霄,24.467308,120.681217,C0E590
"LineString (120.65156700000000001 24.34111899999999906, 120.64055795487675482 24.3481619866046195)",國3,N,03F-163.3N,03F1633N,7.5,9,大甲,苑裡,24.341119,120.651567,C0F930
"LineString (120.63557799999999531 24.33471899999999977, 120.64055795487675482 24.3481619866046195)",國3,N,03F-165.1N,03F1651N,4.7,5.6,中港系統(連接國4),大甲,24.334719,120.635578,C0F930
"LineString (120.60196399999999528 24.29288100000000128, 120.56225366049646652 24.31226563163646404)",國3,N,03F-171.0N,03F1710N,3.5,4.2,清水服務區,中港系統(連接國4),24.292881,120.601964,C0F9P0
"LineString (120.59080600000000061 24.26946399999999926, 120.56225366049646652 24.31226563163646404)",國3,N,03F-173.9N,03F1739N,3.7,4.4,沙鹿,清水服務區,24.269464,120.590806,C0F9P0
"LineString (120.59330599999999833 24.23464699999999894, 120.62434906437771076 24.21536078994752827)",國3,N,03F-177.9N,03F1779N,6.7,8,龍井,沙鹿,24.234647,120.593306,C0F9X0
"LineString (120.54824399999999684 24.17783100000000118, 120.52894467114816734 24.18456541051860142)",國3,N,03F-186.0N,03F1860N,8.8,10.5,和美,龍井,24.177831,120.548244,C0F9R0
"LineString (120.53454700000000344 24.12094700000000103, 120.55663884649709416 24.08136232590750581)",國3,N,03F-194.1N,03F1941N,5.1,6.1,彰化系統(連接國1),和美,24.120947,120.534547,A0G720
"LineString (120.57874700000000701 24.10252499999999998, 120.55663884649709416 24.08136232590750581)",國3,N,03F-199.2N,03F1992N,5.4,6.4,快官(連接台74),彰化系統(連接國1),24.102525,120.578747,A0G720
"LineString (120.63971100000000547 24.07033300000000153, 120.62404218764960717 24.10705913377877962)",國3,N,03F-206.6N,03F2066N,5.2,6.2,烏日,快官(連接台74),24.070333,120.639711,C0F9S0
"LineString (120.65143299999999726 24.06795800000000085, 120.62404218764960717 24.10705913377877962)",國3,N,03F-207.8N,03F2078N,1.8,2.1,中投(連接台63),烏日,24.067958,120.651433,C0F9S0
"LineString (120.6715329999999966 24.0604280000000017, 120.70034320771581804 24.0926548489598531)",國3,N,03F-210.0N,03F2100N,2.3,2.7,霧峰(台3線、太平-台74),中投(連接台63),24.060428,120.671533,C0F9N0
"LineString (120.67785299999999893 24.04099400000000131, 120.72444019192120379 24.03525269702029021)",國3,N,03F-212.5N,03F2125N,2.9,3.4,霧峰系統(連接國6),霧峰(台3線、太平-台74),24.040994,120.677853,81F900
"LineString (120.6631610999999964 24.01894439999999875, 120.62123633835759051 24.01545787803982535)",國3,N,03F-215.3N,03F2153N,3,3.6,草屯,霧峰系統(連接國6),24.0189444,120.6631611,C0G620
"LineString (120.65271400000000313 23.98584400000000016, 120.67893510230949516 23.97255416480209433)",國3,N,03F-219.4N,03F2194N,5.6,6.7,中興系統(台76-八卦山隧道),草屯,23.985844,120.652714,01H630
"LineString (120.65761399999999526 23.95710300000000004, 120.67893510230949516 23.97255416480209433)",國3,N,03F-223.1N,03F2231N,1.8,2.1,中興,中興系統(台76-八卦山隧道),23.957103,120.657614,01H630
"LineString (120.67685299999999415 23.93792799999999943, 120.69543158196104571 23.90975234478779043)",國3,N,03F-226.0N,03F2260N,3.8,4.5,南投,中興,23.937928,120.676853,C0I460
"LineString (120.70282799999999668 23.90678099999999873, 120.69543158196104571 23.90975234478779043)",國3,N,03F-230.6N,03F2306N,3,3.6,南投服務區,南投,23.906781,120.702828,C0I460
"LineString (120.70918600000000254 23.88203100000000134, 120.69543158196104571 23.90975234478779043)",國3,N,03F-233.6N,03F2336N,5.6,6.7,名間,南投服務區,23.882031,120.709186,C0I460
"LineString (120.70000299999999527 23.81483599999999967, 120.70142719291000333 23.83705093940067243)",國3,N,03F-241.5N,03F2415N,6.7,8,竹山,名間,23.814836,120.700003,C0I410
"LineString (120.70451900000000478 23.78748600000000124, 120.71082472747166037 23.79364979773396982)",國3,N,03F-244.7N,03F2447N,6.3,7.5,南雲,竹山,23.787486,120.704519,81H980
"LineString (120.62590000000000146 23.77558099999999897, 120.61251986172990769 23.75525439414139939)",國3,N,03F-253.5N,03F2535N,10.2,12.2,斗六,南雲,23.775581,120.6259,01J930
"LineString (120.60178600000000415 23.7244250000000001, 120.60961937887746842 23.74865444736106568)",國3,N,03F-261.4N,03F2614N,8.1,9.7,古坑(文化路)&古坑系統(連接台78),斗六,23.724425,120.601786,C0K470
"LineString (120.5729110999999989 23.64927780000000013, 120.55971227920508682 23.65435564706170624)",國3,N,03F-270.9N,03F2709N,2.1,2.5,古坑(朝陽路),古坑(文化路)&古坑系統(連接台78),23.6492778,120.5729111,C0K490
"LineString (120.55856699999999648 23.61820300000000117, 120.54851076105653362 23.63435593242448718)",國3,N,03F-274.7N,03F2747N,5.7,6.8,古坑服務區,古坑(朝陽路),23.618203,120.558567,A2K570
"LineString (120.53251099999999951 23.60679199999999867, 120.55560792741505338 23.58535482697824648)",國3,N,03F-277.7N,03F2777N,2.5,3,梅山,古坑服務區,23.606792,120.532511,C0M770
"LineString (120.50506099999999776 23.55812500000000043, 120.5209061273491784 23.5704564138979471)",國3,N,03F-284.0N,03F2840N,9.6,11.5,竹崎(竹崎連絡道),梅山,23.558125,120.505061,01L910
"LineString (120.48632800000000032 23.51168300000000144, 120.5205036584683711 23.53035583355474358)",國3,N,03F-289.9N,03F2899N,2,2.4,竹崎(159縣道),竹崎(竹崎連絡道),23.511683,120.486328,01L490
"LineString (120.49458599999999819 23.49207799999999935, 120.5205036584683711 23.53035583355474358)",國3,N,03F-292.3N,03F2923N,6.5,7.8,中埔,竹崎(159縣道),23.492078,120.494586,01L490
"LineString (120.48120000000000118 23.44248599999999882, 120.46049767884305481 23.45765786257494057)",國3,N,03F-298.5N,03F2985N,2.9,3.4,水上系統(連接台82),中埔,23.442486,120.4812,C0M730
"LineString (120.43635600000000352 23.36125300000000138, 120.41438979324877323 23.34745859625010311)",國3,N,03F-310.1N,03F3101N,11.3,13.5,白河,水上系統(連接台82),23.361253,120.436356,C0X210
"LineString (120.40416399999999442 23.29669200000000018, 120.38558596987350313 23.29655931931747403)",國3,N,03F-318.7N,03F3187N,8.1,9.7,東山服務區,白河,23.296692,120.404164,C0X050
"LineString (120.39025300000000129 23.279281000000001, 120.38558596987350313 23.29655931931747403)",國3,N,03F-321.1N,03F3211N,2.8,3.3,柳營,東山服務區,23.279281,120.390253,C0X050
"LineString (120.3673780000000022 23.24499399999999838, 120.37358328752823411 23.25725934833966235)",國3,N,03F-325.9N,03F3259N,7.1,8.5,烏山頭,柳營,23.244994,120.367378,C0X270
"LineString (120.35546100000000536 23.20327500000000143, 120.31557793270866341 23.19326136905791103)",國3,N,03F-330.7N,03F3307N,5.1,6.1,官田系統(連接台84),烏山頭,23.203275,120.355461,C0X130
"LineString (120.33371099999999387 23.13206399999999974, 120.36087464647694389 23.11885793506246145)",國3,N,03F-339.2N,03F3392N,5.3,6.3,善化,官田系統(連接台84),23.132064,120.333711,C0O860
"LineString (120.32903299999999547 23.08527199999999979, 120.36327212694645539 23.07565717146902173)",國3,N,03F-344.5N,03F3445N,6.7,8,新化系統(連接國8),善化,23.085272,120.329033,C0X180
"LineString (120.32517199999999491 23.04020300000000177, 120.33716847770378422 23.02575776456179923)",國3,N,03F-349.6N,03F3496N,10.1,12.1,關廟(連接台86),新化系統(連接國8),23.040203,120.325172,01O710
"LineString (120.34016400000000147 22.96975799999999879, 120.32776451514986604 22.96315731755561274)",國3,N,03F-358.8N,03F3588N,6.8,8.1,關廟服務區,關廟(連接台86),22.969758,120.340164,C0X170
"LineString (120.35476699999999539 22.90196900000000113, 120.32755977616591281 22.88315615009126702)",國3,N,03F-367.0N,03F3670N,5.7,6.8,田寮,關廟服務區,22.901969,120.354767,C0V530
"LineString (120.38542800000000454 22.84512199999999993, 120.39815739593171884 22.81185153807992805)",國3,N,03F-374.3N,03F3743N,13.5,16.2,燕巢系統(連接國10),田寮,22.845122,120.385428,01P390
"LineString (120.44183900000000165 22.76919699999999835, 120.44665433665241494 22.73854803720465156)",國3,N,03F-385.4N,03F3854N,7.9,9.4,九如,燕巢系統(連接國10),22.769197,120.441839,C0V350
"LineString (120.49683899999999426 22.74979199999999935, 120.49055557410429174 22.74054585279818141)",國3,N,03F-391.6N,03F3916N,9.2,11,長治,九如,22.749792,120.496839,C0R490
"LineString (120.56331099999999878 22.68034700000000115, 120.54265411731668678 22.69304255872115661)",國3,N,03F-402.1N,03F4021N,6.7,8,麟洛,長治,22.680347,120.563311,C0R480
"LineString (120.52616100000000188 22.57958599999999905, 120.5439478449920756 22.58484098241164872)",國3,N,03F-414.2N,03F4142N,7.3,8.7,竹田系統(連接台88),麟洛,22.579586,120.526161,C0R500
"LineString (120.52476099999999803 22.55740799999999879, 120.5400448166462013 22.53434047647370519)",國3,N,03F-416.8N,03F4168N,6.7,8,崁頂,竹田系統(連接台88),22.557408,120.524761,C0R220
"LineString (120.52577499999999588 22.50136699999999834, 120.51104286027231183 22.51324163257394773)",國3,N,03F-423.2N,03F4232N,2.4,2.8,南州,崁頂,22.501367,120.525775,O1R630
"LineString (120.53138599999999769 22.47746400000000122, 120.50274107140282354 22.48594166755822243)",國3,N,03F-425.9N,03F4259N,5.9,7,林邊(大鵬灣端),南州,22.477464,120.531386,C0R580
"LineString (121.56212800000000129 25.01214399999999927, 121.55432388871152227 25.01692220266500755)",國3甲,S,03A-001.5S,03A0015S,3.6,4.3,台北端,萬芳(動物園、信義快),25.012144,121.562128,A1AG60
"LineString (121.58603899999999953 25.00386400000000009, 121.57572341344392441 25.00232080861051642)",國3甲,S,03A-004.1S,03A0041S,1.5,1.8,萬芳(動物園、信義快),木柵(連接國3),25.003864,121.586039,C0AC80
"LineString (121.56212800000000129 25.01214399999999927, 121.55432388871152227 25.01692220266500755)",國3甲,N,03A-001.5N,03A0015N,3.6,4.3,萬芳(動物園、信義快),台北端,25.012144,121.562128,A1AG60
"LineString (121.58603899999999953 25.00386400000000009, 121.57572341344392441 25.00232080861051642)",國3甲,N,03A-004.1N,03A0041N,1.5,1.8,木柵(連接國3),萬芳(動物園、信義快),25.003864,121.586039,C0AC80
"LineString (121.62293060000000366 25.03508890000000164, 121.62472665949084671 25.03401855347646077)",國5,S,05F-000.0S,05F0000S,4.1,4.9,南港系統(連接國3),石碇,25.0350889,121.6229306,A1AC50
"LineString (121.6520582999999931 24.99646669999999915, 121.65762460592989669 24.99181613103396771)",國5,S,05F-005.5S,05F0055S,10.5,12.6,石碇,坪林行控專用道,24.9964667,121.6520583,01A130
"LineString (121.78896670000000313 24.84256939999999858, 121.76561552554711909 24.81750773752944639)",國5,S,05F-028.7S,05F0287S,15.7,18.8,坪林行控專用道,頭城,24.8425694,121.7889667,C0U600
"LineString (121.78621390000000702 24.82370560000000026, 121.76561552554711909 24.81750773752944639)",國5,S,05F-030.9S,05F0309S,6.5,7.8,頭城,宜蘭(四城、大福),24.8237056,121.7862139,C0U600
"LineString (121.78198890000000176 24.73394439999999861, 121.78961121836415771 24.74380540848228449)",國5,S,05F-R11.3S,05FR113S,3.9,4.6,宜蘭(四城、大福),宜蘭(壯圍),24.7339444,121.7819889,C0U620
"LineString (121.78947780000000023 24.7110278000000001, 121.79840768518380401 24.6869041512955647)",國5,S,05F-043.9S,05F0439S,5.7,6.9,宜蘭(壯圍),羅東,24.7110278,121.7894778,C0U780
"LineString (121.79985000000000639 24.6625805999999983, 121.79840768518380401 24.6869041512955647)",國5,S,05F-049.4S,05F0494S,6.9,8.2,羅東,蘇澳,24.6625806,121.79985,C0U780
"LineString (121.62486110000000394 25.03497219999999857, 121.62472665949084671 25.03401855347646077)",國5,N,05F-000.1N,05F0001N,4.1,4.9,石碇,南港系統(連接國3),25.0349722,121.6248611,A1AC50
"LineString (121.65209720000000004 24.99615560000000158, 121.65762460592989669 24.99181613103396771)",國5,N,05F-005.5N,05F0055N,10.5,12.6,坪林行控專用道,石碇,24.9961556,121.6520972,01A130
"LineString (121.78928609999999821 24.84263890000000075, 121.76561552554711909 24.81750773752944639)",國5,N,05F-028.7N,05F0287N,15.7,18.8,頭城,坪林行控專用道,24.8426389,121.7892861,C0U600
"LineString (121.78621390000000702 24.82370560000000026, 121.76561552554711909 24.81750773752944639)",國5,N,05F-030.9N,05F0309N,6.5,7.8,宜蘭(四城、大福),頭城,24.8237056,121.7862139,C0U600
"LineString (121.78234999999999388 24.73391670000000175, 121.78961121836415771 24.74380540848228449)",國5,N,05F-R14.3N,05FR143N,3.9,4.6,宜蘭(壯圍),宜蘭(四城、大福),24.7339167,121.78235,C0U620
"LineString (121.78959720000000289 24.71092219999999884, 121.79840768518380401 24.6869041512955647)",國5,N,05F-043.8N,05F0438N,5.7,6.9,羅東,宜蘭(壯圍),24.7109222,121.7895972,C0U780
"LineString (121.80716669999999624 24.63271669999999958, 121.79350401062704634 24.63240367958511712)",國5,N,05F-052.8N,05F0528N,6.9,8.2,蘇澳,羅東,24.6327167,121.8071667,C0U680
